x,y
-6,NaN
-5.995,NaN
-5.990,NaN
-5.985,NaN
-5.980,NaN
-5.975,NaN
-5.970,NaN
-5.965,NaN
-5.960,NaN
-5.955,NaN
-5.950,NaN
-5.945,NaN
-5.940,NaN
-5.935,NaN
-5.930,NaN
-5.925,NaN
-5.920,NaN
-5.915,NaN
-5.910,NaN
-5.905,NaN
-5.900,NaN
-5.895,NaN
-5.890,NaN
-5.885,NaN
-5.880,NaN
-5.875,NaN
-5.870,NaN
-5.865,NaN
-5.860,NaN
-5.855,NaN
-5.850,NaN
-5.845,NaN
-5.840,NaN
-5.835,NaN
-5.830,NaN
-5.825,NaN
-5.820,NaN
-5.815,NaN
-5.810,NaN
-5.805,NaN
-5.800,NaN
-5.795,NaN
-5.790,NaN
-5.785,NaN
-5.780,NaN
-5.775,NaN
-5.770,NaN
-5.765,NaN
-5.760,NaN
-5.755,NaN
-5.750,NaN
-5.745,NaN
-5.740,NaN
-5.735,NaN
-5.730,NaN
-5.725,NaN
-5.720,NaN
-5.715,NaN
-5.710,NaN
-5.705,NaN
-5.700,NaN
-5.695,NaN
-5.690,NaN
-5.685,NaN
-5.680,NaN
-5.675,NaN
-5.670,NaN
-5.665,NaN
-5.660,NaN
-5.655,NaN
-5.650,NaN
-5.645,NaN
-5.640,NaN
-5.635,NaN
-5.630,NaN
-5.625,NaN
-5.620,NaN
-5.615,NaN
-5.610,NaN
-5.605,NaN
-5.600,NaN
-5.595,NaN
-5.590,NaN
-5.585,NaN
-5.580,NaN
-5.575,NaN
-5.570,NaN
-5.565,NaN
-5.560,NaN
-5.555,NaN
-5.550,NaN
-5.545,NaN
-5.540,NaN
-5.535,NaN
-5.530,NaN
-5.525,NaN
-5.520,NaN
-5.515,NaN
-5.510,NaN
-5.505,NaN
-5.500,NaN
-5.495,NaN
-5.490,NaN
-5.485,NaN
-5.480,NaN
-5.475,NaN
-5.470,NaN
-5.465,NaN
-5.460,NaN
-5.455,NaN
-5.450,NaN
-5.445,NaN
-5.440,NaN
-5.435,NaN
-5.430,NaN
-5.425,NaN
-5.420,NaN
-5.415,NaN
-5.410,NaN
-5.405,NaN
-5.400,NaN
-5.395,NaN
-5.390,NaN
-5.385,NaN
-5.380,NaN
-5.375,NaN
-5.370,NaN
-5.365,NaN
-5.360,NaN
-5.355,NaN
-5.350,NaN
-5.345,NaN
-5.340,NaN
-5.335,NaN
-5.330,NaN
-5.325,NaN
-5.320,NaN
-5.315,NaN
-5.310,NaN
-5.305,NaN
-5.300,NaN
-5.295,NaN
-5.290,NaN
-5.285,NaN
-5.280,NaN
-5.275,NaN
-5.270,NaN
-5.265,NaN
-5.260,NaN
-5.255,NaN
-5.250,NaN
-5.245,NaN
-5.240,NaN
-5.235,NaN
-5.230,NaN
-5.225,NaN
-5.220,NaN
-5.215,NaN
-5.210,NaN
-5.205,NaN
-5.200,NaN
-5.195,NaN
-5.190,NaN
-5.185,NaN
-5.180,NaN
-5.175,NaN
-5.170,NaN
-5.165,NaN
-5.160,NaN
-5.155,NaN
-5.150,NaN
-5.145,NaN
-5.140,NaN
-5.135,NaN
-5.130,NaN
-5.125,NaN
-5.120,NaN
-5.115,NaN
-5.110,NaN
-5.105,NaN
-5.100,NaN
-5.095,NaN
-5.090,NaN
-5.085,NaN
-5.080,NaN
-5.075,NaN
-5.070,NaN
-5.065,NaN
-5.060,NaN
-5.055,NaN
-5.050,NaN
-5.045,NaN
-5.040,NaN
-5.035,NaN
-5.030,NaN
-5.025,NaN
-5.020,NaN
-5.015,NaN
-5.010,NaN
-5.005,NaN
-5.000,NaN
-4.995,NaN
-4.990,NaN
-4.985,NaN
-4.980,NaN
-4.975,NaN
-4.970,NaN
-4.965,NaN
-4.960,NaN
-4.955,NaN
-4.950,NaN
-4.945,NaN
-4.940,NaN
-4.935,NaN
-4.930,NaN
-4.925,NaN
-4.920,NaN
-4.915,NaN
-4.910,NaN
-4.905,NaN
-4.900,NaN
-4.895,NaN
-4.890,NaN
-4.885,NaN
-4.880,NaN
-4.875,NaN
-4.870,NaN
-4.865,NaN
-4.860,NaN
-4.855,NaN
-4.850,NaN
-4.845,NaN
-4.840,NaN
-4.835,NaN
-4.830,NaN
-4.825,NaN
-4.820,NaN
-4.815,NaN
-4.810,NaN
-4.805,NaN
-4.800,NaN
-4.795,NaN
-4.790,NaN
-4.785,NaN
-4.780,NaN
-4.775,NaN
-4.770,NaN
-4.765,NaN
-4.760,NaN
-4.755,NaN
-4.750,NaN
-4.745,NaN
-4.740,NaN
-4.735,NaN
-4.730,NaN
-4.725,NaN
-4.720,NaN
-4.715,NaN
-4.710,NaN
-4.705,NaN
-4.700,NaN
-4.695,NaN
-4.690,NaN
-4.685,NaN
-4.680,NaN
-4.675,NaN
-4.670,NaN
-4.665,NaN
-4.660,NaN
-4.655,NaN
-4.650,NaN
-4.645,NaN
-4.640,NaN
-4.635,NaN
-4.630,NaN
-4.625,NaN
-4.620,NaN
-4.615,NaN
-4.610,NaN
-4.605,NaN
-4.600,NaN
-4.595,NaN
-4.590,NaN
-4.585,NaN
-4.580,NaN
-4.575,NaN
-4.570,NaN
-4.565,NaN
-4.560,NaN
-4.555,NaN
-4.550,NaN
-4.545,NaN
-4.540,NaN
-4.535,NaN
-4.530,NaN
-4.525,NaN
-4.520,NaN
-4.515,NaN
-4.510,NaN
-4.505,NaN
-4.500,NaN
-4.495,NaN
-4.490,NaN
-4.485,NaN
-4.480,NaN
-4.475,NaN
-4.470,NaN
-4.465,NaN
-4.460,NaN
-4.455,NaN
-4.450,NaN
-4.445,NaN
-4.440,NaN
-4.435,NaN
-4.430,NaN
-4.425,NaN
-4.420,NaN
-4.415,NaN
-4.410,NaN
-4.405,NaN
-4.400,NaN
-4.395,NaN
-4.390,NaN
-4.385,NaN
-4.380,NaN
-4.375,NaN
-4.370,NaN
-4.365,NaN
-4.360,NaN
-4.355,NaN
-4.350,NaN
-4.345,NaN
-4.340,NaN
-4.335,NaN
-4.330,NaN
-4.325,NaN
-4.320,NaN
-4.315,NaN
-4.310,NaN
-4.305,NaN
-4.300,NaN
-4.295,NaN
-4.290,NaN
-4.285,NaN
-4.280,NaN
-4.275,NaN
-4.270,NaN
-4.265,NaN
-4.260,NaN
-4.255,NaN
-4.250,NaN
-4.245,NaN
-4.240,NaN
-4.235,NaN
-4.230,NaN
-4.225,NaN
-4.220,NaN
-4.215,NaN
-4.210,NaN
-4.205,NaN
-4.200,NaN
-4.195,NaN
-4.190,NaN
-4.185,NaN
-4.180,NaN
-4.175,NaN
-4.170,NaN
-4.165,NaN
-4.160,NaN
-4.155,NaN
-4.150,NaN
-4.145,NaN
-4.140,NaN
-4.135,NaN
-4.130,NaN
-4.125,NaN
-4.120,NaN
-4.115,NaN
-4.110,NaN
-4.105,NaN
-4.100,NaN
-4.095,NaN
-4.090,NaN
-4.085,NaN
-4.080,NaN
-4.075,NaN
-4.070,NaN
-4.065,NaN
-4.060,NaN
-4.055,NaN
-4.050,NaN
-4.045,NaN
-4.040,NaN
-4.035,NaN
-4.030,NaN
-4.025,NaN
-4.020,NaN
-4.015,NaN
-4.010,NaN
-4.005,NaN
-4.000,NaN
-3.995,NaN
-3.990,NaN
-3.985,NaN
-3.980,NaN
-3.975,NaN
-3.970,NaN
-3.965,NaN
-3.960,NaN
-3.955,NaN
-3.950,NaN
-3.945,NaN
-3.940,NaN
-3.935,NaN
-3.930,NaN
-3.925,NaN
-3.920,NaN
-3.915,NaN
-3.910,NaN
-3.905,NaN
-3.900,NaN
-3.895,NaN
-3.890,NaN
-3.885,NaN
-3.880,NaN
-3.875,NaN
-3.870,NaN
-3.865,NaN
-3.860,NaN
-3.855,NaN
-3.850,NaN
-3.845,NaN
-3.840,NaN
-3.835,NaN
-3.830,NaN
-3.825,NaN
-3.820,NaN
-3.815,NaN
-3.810,NaN
-3.805,NaN
-3.800,NaN
-3.795,NaN
-3.790,NaN
-3.785,NaN
-3.780,NaN
-3.775,NaN
-3.770,NaN
-3.765,NaN
-3.760,NaN
-3.755,NaN
-3.750,NaN
-3.745,NaN
-3.740,NaN
-3.735,NaN
-3.730,NaN
-3.725,NaN
-3.720,NaN
-3.715,NaN
-3.710,NaN
-3.705,NaN
-3.700,NaN
-3.695,NaN
-3.690,NaN
-3.685,NaN
-3.680,NaN
-3.675,NaN
-3.670,NaN
-3.665,NaN
-3.660,NaN
-3.655,NaN
-3.650,NaN
-3.645,NaN
-3.640,NaN
-3.635,NaN
-3.630,NaN
-3.625,NaN
-3.620,NaN
-3.615,NaN
-3.610,NaN
-3.605,NaN
-3.600,NaN
-3.595,NaN
-3.590,NaN
-3.585,NaN
-3.580,NaN
-3.575,NaN
-3.570,NaN
-3.565,NaN
-3.560,NaN
-3.555,NaN
-3.550,NaN
-3.545,NaN
-3.540,NaN
-3.535,NaN
-3.530,NaN
-3.525,NaN
-3.520,NaN
-3.515,NaN
-3.510,NaN
-3.505,NaN
-3.500,NaN
-3.495,NaN
-3.490,NaN
-3.485,NaN
-3.480,NaN
-3.475,NaN
-3.470,NaN
-3.465,NaN
-3.460,NaN
-3.455,NaN
-3.450,NaN
-3.445,NaN
-3.440,NaN
-3.435,NaN
-3.430,NaN
-3.425,NaN
-3.420,NaN
-3.415,NaN
-3.410,NaN
-3.405,NaN
-3.400,NaN
-3.395,NaN
-3.390,NaN
-3.385,NaN
-3.380,NaN
-3.375,NaN
-3.370,NaN
-3.365,NaN
-3.360,NaN
-3.355,NaN
-3.350,NaN
-3.345,NaN
-3.340,NaN
-3.335,NaN
-3.330,NaN
-3.325,NaN
-3.320,NaN
-3.315,NaN
-3.310,NaN
-3.305,NaN
-3.300,NaN
-3.295,NaN
-3.290,NaN
-3.285,NaN
-3.280,NaN
-3.275,NaN
-3.270,NaN
-3.265,NaN
-3.260,NaN
-3.255,NaN
-3.250,NaN
-3.245,NaN
-3.240,NaN
-3.235,NaN
-3.230,NaN
-3.225,NaN
-3.220,NaN
-3.215,NaN
-3.210,NaN
-3.205,NaN
-3.200,NaN
-3.195,NaN
-3.190,NaN
-3.185,NaN
-3.180,NaN
-3.175,NaN
-3.170,NaN
-3.165,NaN
-3.160,NaN
-3.155,NaN
-3.150,NaN
-3.145,NaN
-3.140,NaN
-3.135,NaN
-3.130,NaN
-3.125,NaN
-3.120,NaN
-3.115,NaN
-3.110,NaN
-3.105,NaN
-3.100,NaN
-3.095,NaN
-3.090,NaN
-3.085,NaN
-3.080,NaN
-3.075,NaN
-3.070,NaN
-3.065,NaN
-3.060,NaN
-3.055,NaN
-3.050,NaN
-3.045,NaN
-3.040,NaN
-3.035,NaN
-3.030,NaN
-3.025,NaN
-3.020,NaN
-3.015,NaN
-3.010,NaN
-3.005,NaN
-3.000,NaN
-2.995,NaN
-2.990,NaN
-2.985,NaN
-2.980,NaN
-2.975,NaN
-2.970,NaN
-2.965,NaN
-2.960,NaN
-2.955,NaN
-2.950,NaN
-2.945,NaN
-2.940,NaN
-2.935,NaN
-2.930,NaN
-2.925,NaN
-2.920,NaN
-2.915,NaN
-2.910,NaN
-2.905,NaN
-2.900,NaN
-2.895,NaN
-2.890,NaN
-2.885,NaN
-2.880,NaN
-2.875,NaN
-2.870,NaN
-2.865,NaN
-2.860,NaN
-2.855,NaN
-2.850,NaN
-2.845,NaN
-2.840,NaN
-2.835,NaN
-2.830,NaN
-2.825,NaN
-2.820,NaN
-2.815,NaN
-2.810,NaN
-2.805,NaN
-2.800,NaN
-2.795,NaN
-2.790,NaN
-2.785,NaN
-2.780,NaN
-2.775,NaN
-2.770,NaN
-2.765,NaN
-2.760,NaN
-2.755,NaN
-2.750,NaN
-2.745,NaN
-2.740,NaN
-2.735,NaN
-2.730,NaN
-2.725,NaN
-2.720,NaN
-2.715,NaN
-2.710,NaN
-2.705,NaN
-2.700,NaN
-2.695,NaN
-2.690,NaN
-2.685,NaN
-2.680,NaN
-2.675,NaN
-2.670,NaN
-2.665,NaN
-2.660,NaN
-2.655,NaN
-2.650,NaN
-2.645,NaN
-2.640,NaN
-2.635,NaN
-2.630,NaN
-2.625,NaN
-2.620,NaN
-2.615,NaN
-2.610,NaN
-2.605,NaN
-2.600,NaN
-2.595,NaN
-2.590,NaN
-2.585,NaN
-2.580,NaN
-2.575,NaN
-2.570,NaN
-2.565,NaN
-2.560,NaN
-2.555,NaN
-2.550,NaN
-2.545,NaN
-2.540,NaN
-2.535,NaN
-2.530,NaN
-2.525,NaN
-2.520,NaN
-2.515,NaN
-2.510,NaN
-2.505,NaN
-2.500,NaN
-2.495,NaN
-2.490,NaN
-2.485,NaN
-2.480,NaN
-2.475,NaN
-2.470,NaN
-2.465,NaN
-2.460,NaN
-2.455,NaN
-2.450,NaN
-2.445,NaN
-2.440,NaN
-2.435,NaN
-2.430,NaN
-2.425,NaN
-2.420,NaN
-2.415,NaN
-2.410,NaN
-2.405,NaN
-2.400,NaN
-2.395,NaN
-2.390,NaN
-2.385,NaN
-2.380,NaN
-2.375,NaN
-2.370,NaN
-2.365,NaN
-2.360,NaN
-2.355,NaN
-2.350,NaN
-2.345,NaN
-2.340,NaN
-2.335,NaN
-2.330,NaN
-2.325,NaN
-2.320,NaN
-2.315,NaN
-2.310,NaN
-2.305,NaN
-2.300,NaN
-2.295,NaN
-2.290,NaN
-2.285,NaN
-2.280,NaN
-2.275,NaN
-2.270,NaN
-2.265,NaN
-2.260,NaN
-2.255,NaN
-2.250,NaN
-2.245,NaN
-2.240,NaN
-2.235,NaN
-2.230,NaN
-2.225,NaN
-2.220,NaN
-2.215,NaN
-2.210,NaN
-2.205,NaN
-2.200,NaN
-2.195,NaN
-2.190,NaN
-2.185,NaN
-2.180,NaN
-2.175,NaN
-2.170,NaN
-2.165,NaN
-2.160,NaN
-2.155,NaN
-2.150,NaN
-2.145,NaN
-2.140,NaN
-2.135,NaN
-2.130,NaN
-2.125,NaN
-2.120,NaN
-2.115,NaN
-2.110,NaN
-2.105,NaN
-2.100,NaN
-2.095,NaN
-2.090,NaN
-2.085,NaN
-2.080,NaN
-2.075,NaN
-2.070,NaN
-2.065,NaN
-2.060,NaN
-2.055,NaN
-2.050,NaN
-2.045,NaN
-2.040,NaN
-2.035,NaN
-2.030,NaN
-2.025,NaN
-2.020,NaN
-2.015,NaN
-2.010,NaN
-2.005,NaN
-2.000,NaN
-1.995,NaN
-1.990,NaN
-1.985,NaN
-1.980,NaN
-1.975,NaN
-1.970,NaN
-1.965,NaN
-1.960,NaN
-1.955,NaN
-1.950,NaN
-1.945,NaN
-1.940,NaN
-1.935,NaN
-1.930,NaN
-1.925,NaN
-1.920,NaN
-1.915,NaN
-1.910,NaN
-1.905,NaN
-1.900,NaN
-1.895,NaN
-1.890,NaN
-1.885,NaN
-1.880,NaN
-1.875,NaN
-1.870,NaN
-1.865,NaN
-1.860,NaN
-1.855,NaN
-1.850,NaN
-1.845,NaN
-1.840,NaN
-1.835,NaN
-1.830,NaN
-1.825,NaN
-1.820,NaN
-1.815,NaN
-1.810,NaN
-1.805,NaN
-1.800,NaN
-1.795,NaN
-1.790,NaN
-1.785,NaN
-1.780,NaN
-1.775,NaN
-1.770,NaN
-1.765,NaN
-1.760,NaN
-1.755,NaN
-1.750,NaN
-1.745,NaN
-1.740,NaN
-1.735,NaN
-1.730,NaN
-1.725,NaN
-1.720,NaN
-1.715,NaN
-1.710,NaN
-1.705,NaN
-1.700,NaN
-1.695,NaN
-1.690,NaN
-1.685,NaN
-1.680,NaN
-1.675,NaN
-1.670,NaN
-1.665,NaN
-1.660,NaN
-1.655,NaN
-1.650,NaN
-1.645,NaN
-1.640,NaN
-1.635,NaN
-1.630,NaN
-1.625,NaN
-1.620,NaN
-1.615,NaN
-1.610,NaN
-1.605,NaN
-1.600,NaN
-1.595,NaN
-1.590,NaN
-1.585,NaN
-1.580,NaN
-1.575,NaN
-1.570,NaN
-1.565,NaN
-1.560,NaN
-1.555,NaN
-1.550,NaN
-1.545,NaN
-1.540,NaN
-1.535,NaN
-1.530,NaN
-1.525,NaN
-1.520,NaN
-1.515,NaN
-1.510,NaN
-1.505,NaN
-1.500,NaN
-1.495,NaN
-1.490,NaN
-1.485,NaN
-1.480,NaN
-1.475,NaN
-1.470,NaN
-1.465,NaN
-1.460,NaN
-1.455,NaN
-1.450,NaN
-1.445,NaN
-1.440,NaN
-1.435,NaN
-1.430,NaN
-1.425,NaN
-1.420,NaN
-1.415,NaN
-1.410,NaN
-1.405,NaN
-1.400,NaN
-1.395,NaN
-1.390,NaN
-1.385,NaN
-1.380,NaN
-1.375,NaN
-1.370,NaN
-1.365,NaN
-1.360,NaN
-1.355,NaN
-1.350,NaN
-1.345,NaN
-1.340,NaN
-1.335,NaN
-1.330,NaN
-1.325,NaN
-1.320,NaN
-1.315,NaN
-1.310,NaN
-1.305,NaN
-1.300,NaN
-1.295,NaN
-1.290,NaN
-1.285,NaN
-1.280,NaN
-1.275,NaN
-1.270,NaN
-1.265,NaN
-1.260,NaN
-1.255,NaN
-1.250,NaN
-1.245,NaN
-1.240,NaN
-1.235,NaN
-1.230,NaN
-1.225,NaN
-1.220,NaN
-1.215,NaN
-1.210,NaN
-1.205,NaN
-1.200,NaN
-1.195,NaN
-1.190,NaN
-1.185,NaN
-1.180,NaN
-1.175,NaN
-1.170,NaN
-1.165,NaN
-1.160,NaN
-1.155,NaN
-1.150,NaN
-1.145,NaN
-1.140,NaN
-1.135,NaN
-1.130,NaN
-1.125,NaN
-1.120,NaN
-1.115,NaN
-1.110,NaN
-1.105,NaN
-1.100,NaN
-1.095,NaN
-1.090,NaN
-1.085,NaN
-1.080,NaN
-1.075,NaN
-1.070,NaN
-1.065,NaN
-1.060,NaN
-1.055,NaN
-1.050,NaN
-1.045,NaN
-1.040,NaN
-1.035,NaN
-1.030,NaN
-1.025,NaN
-1.020,NaN
-1.015,NaN
-1.010,NaN
-1.005,NaN
-1.000,NaN
-0.995,NaN
-0.990,NaN
-0.985,NaN
-0.980,NaN
-0.975,NaN
-0.970,NaN
-0.965,NaN
-0.960,NaN
-0.955,NaN
-0.950,NaN
-0.945,NaN
-0.940,NaN
-0.935,NaN
-0.930,NaN
-0.925,NaN
-0.920,NaN
-0.915,NaN
-0.910,NaN
-0.905,NaN
-0.900,NaN
-0.895,NaN
-0.890,NaN
-0.885,NaN
-0.880,NaN
-0.875,NaN
-0.870,NaN
-0.865,NaN
-0.860,NaN
-0.855,NaN
-0.850,NaN
-0.845,NaN
-0.840,NaN
-0.835,NaN
-0.830,NaN
-0.825,NaN
-0.820,NaN
-0.815,NaN
-0.810,NaN
-0.805,NaN
-0.800,NaN
-0.795,NaN
-0.790,NaN
-0.785,NaN
-0.780,NaN
-0.775,NaN
-0.770,NaN
-0.765,NaN
-0.760,NaN
-0.755,NaN
-0.750,NaN
-0.745,NaN
-0.740,NaN
-0.735,NaN
-0.730,NaN
-0.725,NaN
-0.720,NaN
-0.715,NaN
-0.710,NaN
-0.705,NaN
-0.700,NaN
-0.695,NaN
-0.690,NaN
-0.685,NaN
-0.680,NaN
-0.675,NaN
-0.670,NaN
-0.665,NaN
-0.660,NaN
-0.655,NaN
-0.650,NaN
-0.645,NaN
-0.640,NaN
-0.635,NaN
-0.630,NaN
-0.625,NaN
-0.620,NaN
-0.615,NaN
-0.610,NaN
-0.605,NaN
-0.600,NaN
-0.595,NaN
-0.590,NaN
-0.585,NaN
-0.580,NaN
-0.575,NaN
-0.570,NaN
-0.565,NaN
-0.560,NaN
-0.555,NaN
-0.550,NaN
-0.545,NaN
-0.540,NaN
-0.535,NaN
-0.530,NaN
-0.525,NaN
-0.520,NaN
-0.515,NaN
-0.510,NaN
-0.505,NaN
-0.500,NaN
-0.495,NaN
-0.490,NaN
-0.485,NaN
-0.480,NaN
-0.475,NaN
-0.470,NaN
-0.465,NaN
-0.460,NaN
-0.455,NaN
-0.450,NaN
-0.445,NaN
-0.440,NaN
-0.435,NaN
-0.430,NaN
-0.425,NaN
-0.420,NaN
-0.415,NaN
-0.410,NaN
-0.405,NaN
-0.400,NaN
-0.395,NaN
-0.390,NaN
-0.385,NaN
-0.380,NaN
-0.375,NaN
-0.370,NaN
-0.365,NaN
-0.360,NaN
-0.355,NaN
-0.350,NaN
-0.345,NaN
-0.340,NaN
-0.335,NaN
-0.330,NaN
-0.325,NaN
-0.320,NaN
-0.315,NaN
-0.310,NaN
-0.305,NaN
-0.300,NaN
-0.295,NaN
-0.290,NaN
-0.285,NaN
-0.280,NaN
-0.275,NaN
-0.270,NaN
-0.265,NaN
-0.260,NaN
-0.255,NaN
-0.250,NaN
-0.245,NaN
-0.240,NaN
-0.235,NaN
-0.230,NaN
-0.225,NaN
-0.220,NaN
-0.215,NaN
-0.210,NaN
-0.205,NaN
-0.200,NaN
-0.195,NaN
-0.190,NaN
-0.185,NaN
-0.180,NaN
-0.175,NaN
-0.170,NaN
-0.165,NaN
-0.160,NaN
-0.155,NaN
-0.150,NaN
-0.145,NaN
-0.140,NaN
-0.135,NaN
-0.130,NaN
-0.125,NaN
-0.120,NaN
-0.115,NaN
-0.110,NaN
-0.105,NaN
-0.100,NaN
-0.095,NaN
-0.090,NaN
-0.085,NaN
-0.080,NaN
-0.075,NaN
-0.070,NaN
-0.065,NaN
-0.060,NaN
-0.055,NaN
-0.050,NaN
-0.045,NaN
-0.040,NaN
-0.035,NaN
-0.030,NaN
-0.025,NaN
-0.020,NaN
-0.015,NaN
-0.010,NaN
-0.005,NaN
0.000,NaN
0.005,-5.298313
0.010,-4.605170
0.015,-4.199705
0.020,-3.912023
0.025,-3.688879
0.030,-3.506558
0.035,-3.352407
0.040,-3.218876
0.045,-3.101093
0.050,-2.995732
0.055,-2.900422
0.060,-2.813411
0.065,-2.733368
0.070,-2.659260
0.075,-2.590267
0.080,-2.525729
0.085,-2.465104
0.090,-2.407946
0.095,-2.353878
0.100,-2.302585
0.105,-2.253795
0.110,-2.207275
0.115,-2.162823
0.120,-2.120264
0.125,-2.079442
0.130,-2.040221
0.135,-2.002481
0.140,-1.966113
0.145,-1.931022
0.150,-1.897120
0.155,-1.864330
0.160,-1.832581
0.165,-1.801810
0.170,-1.771957
0.175,-1.742969
0.180,-1.714798
0.185,-1.687399
0.190,-1.660731
0.195,-1.634756
0.200,-1.609438
0.205,-1.584745
0.210,-1.560648
0.215,-1.537117
0.220,-1.514128
0.225,-1.491655
0.230,-1.469676
0.235,-1.448170
0.240,-1.427116
0.245,-1.406497
0.250,-1.386294
0.255,-1.366492
0.260,-1.347074
0.265,-1.328025
0.270,-1.309333
0.275,-1.290984
0.280,-1.272966
0.285,-1.255266
0.290,-1.237874
0.295,-1.220780
0.300,-1.203973
0.305,-1.187444
0.310,-1.171183
0.315,-1.155183
0.320,-1.139434
0.325,-1.123930
0.330,-1.108663
0.335,-1.093625
0.340,-1.078810
0.345,-1.064211
0.350,-1.049822
0.355,-1.035637
0.360,-1.021651
0.365,-1.007858
0.370,-0.994252
0.375,-0.980829
0.380,-0.967584
0.385,-0.954512
0.390,-0.941609
0.395,-0.928870
0.400,-0.916291
0.405,-0.903868
0.410,-0.891598
0.415,-0.879477
0.420,-0.867501
0.425,-0.855666
0.430,-0.843970
0.435,-0.832409
0.440,-0.820981
0.445,-0.809681
0.450,-0.798508
0.455,-0.787458
0.460,-0.776529
0.465,-0.765718
0.470,-0.755023
0.475,-0.744440
0.480,-0.733969
0.485,-0.723606
0.490,-0.713350
0.495,-0.703198
0.500,-0.693147
0.505,-0.683197
0.510,-0.673345
0.515,-0.663588
0.520,-0.653926
0.525,-0.644357
0.530,-0.634878
0.535,-0.625489
0.540,-0.616186
0.545,-0.606969
0.550,-0.597837
0.555,-0.588787
0.560,-0.579818
0.565,-0.570930
0.570,-0.562119
0.575,-0.553385
0.580,-0.544727
0.585,-0.536143
0.590,-0.527633
0.595,-0.519194
0.600,-0.510826
0.605,-0.502527
0.610,-0.494296
0.615,-0.486133
0.620,-0.478036
0.625,-0.470004
0.630,-0.462035
0.635,-0.454130
0.640,-0.446287
0.645,-0.438505
0.650,-0.430783
0.655,-0.423120
0.660,-0.415515
0.665,-0.407968
0.670,-0.400478
0.675,-0.393043
0.680,-0.385662
0.685,-0.378336
0.690,-0.371064
0.695,-0.363843
0.700,-0.356675
0.705,-0.349557
0.710,-0.342490
0.715,-0.335473
0.720,-0.328504
0.725,-0.321584
0.730,-0.314711
0.735,-0.307885
0.740,-0.301105
0.745,-0.294371
0.750,-0.287682
0.755,-0.281038
0.760,-0.274437
0.765,-0.267879
0.770,-0.261365
0.775,-0.254892
0.780,-0.248461
0.785,-0.242072
0.790,-0.235722
0.795,-0.229413
0.800,-0.223144
0.805,-0.216913
0.810,-0.210721
0.815,-0.204567
0.820,-0.198451
0.825,-0.192372
0.830,-0.186330
0.835,-0.180324
0.840,-0.174353
0.845,-0.168419
0.850,-0.162519
0.855,-0.156654
0.860,-0.150823
0.865,-0.145026
0.870,-0.139262
0.875,-0.133531
0.880,-0.127833
0.885,-0.122168
0.890,-0.116534
0.895,-0.110932
0.900,-0.105361
0.905,-0.099820
0.910,-0.094311
0.915,-0.088831
0.920,-0.083382
0.925,-0.077962
0.930,-0.072571
0.935,-0.067209
0.940,-0.061875
0.945,-0.056570
0.950,-0.051293
0.955,-0.046044
0.960,-0.040822
0.965,-0.035627
0.970,-0.030459
0.975,-0.025318
0.980,-0.020203
0.985,-0.015114
0.990,-0.010050
0.995,-0.005013
1.000,0.000000
